{
    "seed": 42,
    "lr": 2e-5,
    "warmup": 0.1,
    "do_lower_case": true,
    "mode": "train_eval",
    "uda_mode": true,

    "total_steps": 30000,
    "max_seq_length": 128,
    "train_batch_size": 8,
    "eval_batch_size": 16,

    "unsup_ratio": 3,
    "uda_coeff": 1,
    "tsa": "linear_schedule",
    "uda_softmax_temp": 0.85,
    "uda_confidence_thresh": 0.45,

    "data_parallel": true,
    "need_prepro": false,
    "sup_data_dir": "data/imdb_sup_train1.txt",
    "unsup_data_dir": "data/imdb_unsup_train.txt",
    "eval_data_dir": "data/imdb_sup_test.txt",

    "model_file":null,
    "pretrain_file":"BERT_Base_Uncased/bert_model.ckpt",
    "vocab":"BERT_Base_Uncased/vocab.txt",
    "task": "imdb",

    "save_steps": 100,
    "check_steps": 250,
    "results_dir": "results",

    "is_position": false
}
